{
    "counter": {
        "ACTIVE": 537,
        "INACTIVE": 6,
        "INVALID": 0,
        "MALICIOUS": 0,
        "SANE": 0,
        "VALID": 0,
        "total": 543
    },
    "percentage": {
        "ACTIVE": 98.89502762430939,
        "INACTIVE": 1.4018691588785046,
        "INVALID": 0,
        "MALICIOUS": 0,
        "SANE": 0,
        "VALID": 0,
        "total": 100.29689678318789
    }
}