{
    "counter": {
        "ACTIVE": 541,
        "INACTIVE": 5,
        "INVALID": 0,
        "MALICIOUS": 0,
        "SANE": 0,
        "VALID": 0,
        "total": 546
    },
    "percentage": {
        "ACTIVE": 99.08424908424908,
        "INACTIVE": 1.2224938875305624,
        "INVALID": 0,
        "MALICIOUS": 0,
        "SANE": 0,
        "VALID": 0,
        "total": 100.30674297177964
    }
}