{
    "counter": {
        "ACTIVE": 508,
        "INACTIVE": 1,
        "INVALID": 0,
        "MALICIOUS": 0,
        "SANE": 0,
        "VALID": 0,
        "total": 509
    },
    "percentage": {
        "ACTIVE": 99.80353634577604,
        "INACTIVE": 0.27548209366391185,
        "INVALID": 0,
        "MALICIOUS": 0,
        "SANE": 0,
        "VALID": 0,
        "total": 100.07901843943995
    }
}