{
    "counter": {
        "ACTIVE": 536,
        "INACTIVE": 4,
        "INVALID": 0,
        "MALICIOUS": 0,
        "SANE": 0,
        "VALID": 0,
        "total": 540
    },
    "percentage": {
        "ACTIVE": 99.25925925925925,
        "INACTIVE": 0.936768149882904,
        "INVALID": 0,
        "MALICIOUS": 0,
        "SANE": 0,
        "VALID": 0,
        "total": 100.19602740914216
    }
}