{
    "counter": {
        "ACTIVE": 536,
        "INACTIVE": 5,
        "INVALID": 0,
        "MALICIOUS": 0,
        "SANE": 0,
        "VALID": 0,
        "total": 541
    },
    "percentage": {
        "ACTIVE": 99.07578558225508,
        "INACTIVE": 1.0416666666666667,
        "INVALID": 0,
        "MALICIOUS": 0,
        "SANE": 0,
        "VALID": 0,
        "total": 100.11745224892175
    }
}