{
    "counter": {
        "ACTIVE": 507,
        "INACTIVE": 3,
        "INVALID": 0,
        "MALICIOUS": 0,
        "SANE": 0,
        "VALID": 0,
        "total": 510
    },
    "percentage": {
        "ACTIVE": 99.41176470588235,
        "INACTIVE": 0.6564551422319475,
        "INVALID": 0,
        "MALICIOUS": 0,
        "SANE": 0,
        "VALID": 0,
        "total": 100.0682198481143
    }
}