{
    "counter": {
        "ACTIVE": 510,
        "INACTIVE": 5,
        "INVALID": 0,
        "MALICIOUS": 0,
        "SANE": 0,
        "VALID": 0,
        "total": 515
    },
    "percentage": {
        "ACTIVE": 99.02912621359224,
        "INACTIVE": 1.272264631043257,
        "INVALID": 0,
        "MALICIOUS": 0,
        "SANE": 0,
        "VALID": 0,
        "total": 100.30139084463549
    }
}