{
    "counter": {
        "ACTIVE": 517,
        "INACTIVE": 3,
        "INVALID": 0,
        "MALICIOUS": 0,
        "SANE": 0,
        "VALID": 0,
        "total": 520
    },
    "percentage": {
        "ACTIVE": 99.42307692307692,
        "INACTIVE": 0.635593220338983,
        "INVALID": 0,
        "MALICIOUS": 0,
        "SANE": 0,
        "VALID": 0,
        "total": 100.05867014341591
    }
}