{
    "counter": {
        "ACTIVE": 538,
        "INACTIVE": 2,
        "INVALID": 0,
        "MALICIOUS": 0,
        "SANE": 0,
        "VALID": 0,
        "total": 540
    },
    "percentage": {
        "ACTIVE": 99.62962962962963,
        "INACTIVE": 0.4166666666666667,
        "INVALID": 0,
        "MALICIOUS": 0,
        "SANE": 0,
        "VALID": 0,
        "total": 100.0462962962963
    }
}