{
    "counter": {
        "ACTIVE": 536,
        "INACTIVE": 2,
        "INVALID": 0,
        "MALICIOUS": 0,
        "SANE": 0,
        "VALID": 0,
        "total": 538
    },
    "percentage": {
        "ACTIVE": 99.62825278810409,
        "INACTIVE": 0.4975124378109453,
        "INVALID": 0,
        "MALICIOUS": 0,
        "SANE": 0,
        "VALID": 0,
        "total": 100.12576522591503
    }
}