{
    "counter": {
        "ACTIVE": 537,
        "INACTIVE": 4,
        "INVALID": 0,
        "MALICIOUS": 0,
        "SANE": 0,
        "VALID": 0,
        "total": 541
    },
    "percentage": {
        "ACTIVE": 99.26062846580406,
        "INACTIVE": 1.10803324099723,
        "INVALID": 0,
        "MALICIOUS": 0,
        "SANE": 0,
        "VALID": 0,
        "total": 100.36866170680129
    }
}