{
    "counter": {
        "ACTIVE": 534,
        "INACTIVE": 2,
        "INVALID": 0,
        "MALICIOUS": 0,
        "SANE": 0,
        "VALID": 0,
        "total": 536
    },
    "percentage": {
        "ACTIVE": 99.6268656716418,
        "INACTIVE": 0.49627791563275436,
        "INVALID": 0,
        "MALICIOUS": 0,
        "SANE": 0,
        "VALID": 0,
        "total": 100.12314358727455
    }
}