{
    "counter": {
        "ACTIVE": 532,
        "INACTIVE": 4,
        "INVALID": 0,
        "MALICIOUS": 0,
        "SANE": 0,
        "VALID": 0,
        "total": 536
    },
    "percentage": {
        "ACTIVE": 99.25373134328358,
        "INACTIVE": 0.8888888888888888,
        "INVALID": 0,
        "MALICIOUS": 0,
        "SANE": 0,
        "VALID": 0,
        "total": 100.14262023217246
    }
}