{
    "counter": {
        "ACTIVE": 533,
        "INACTIVE": 2,
        "INVALID": 0,
        "MALICIOUS": 0,
        "SANE": 0,
        "VALID": 0,
        "total": 535
    },
    "percentage": {
        "ACTIVE": 99.62616822429906,
        "INACTIVE": 0.9345794392523364,
        "INVALID": 0,
        "MALICIOUS": 0,
        "SANE": 0,
        "VALID": 0,
        "total": 100.5607476635514
    }
}