{
    "counter": {
        "ACTIVE": 504,
        "INACTIVE": 3,
        "INVALID": 0,
        "MALICIOUS": 0,
        "SANE": 0,
        "VALID": 0,
        "total": 507
    },
    "percentage": {
        "ACTIVE": 99.40828402366864,
        "INACTIVE": 0.6756756756756757,
        "INVALID": 0,
        "MALICIOUS": 0,
        "SANE": 0,
        "VALID": 0,
        "total": 100.08395969934432
    }
}