{
    "counter": {
        "ACTIVE": 402,
        "INACTIVE": 2,
        "INVALID": 0,
        "MALICIOUS": 0,
        "SANE": 0,
        "VALID": 0,
        "total": 404
    },
    "percentage": {
        "ACTIVE": 99.5049504950495,
        "INACTIVE": 0.5617977528089888,
        "INVALID": 0,
        "MALICIOUS": 0,
        "SANE": 0,
        "VALID": 0,
        "total": 100.06674824785848
    }
}