{
    "counter": {
        "ACTIVE": 517,
        "INACTIVE": 1,
        "INVALID": 0,
        "MALICIOUS": 0,
        "SANE": 0,
        "VALID": 0,
        "total": 518
    },
    "percentage": {
        "ACTIVE": 99.8069498069498,
        "INACTIVE": 0.2518891687657431,
        "INVALID": 0,
        "MALICIOUS": 0,
        "SANE": 0,
        "VALID": 0,
        "total": 100.05883897571555
    }
}