{
    "counter": {
        "ACTIVE": 512,
        "INACTIVE": 5,
        "INVALID": 0,
        "MALICIOUS": 0,
        "SANE": 0,
        "VALID": 0,
        "total": 517
    },
    "percentage": {
        "ACTIVE": 99.03288201160541,
        "INACTIVE": 1.0964912280701755,
        "INVALID": 0,
        "MALICIOUS": 0,
        "SANE": 0,
        "VALID": 0,
        "total": 100.12937323967559
    }
}