{
    "counter": {
        "ACTIVE": 357,
        "INACTIVE": 1,
        "INVALID": 0,
        "MALICIOUS": 0,
        "SANE": 0,
        "VALID": 0,
        "total": 358
    },
    "percentage": {
        "ACTIVE": 99.72067039106145,
        "INACTIVE": 0.28328611898017,
        "INVALID": 0,
        "MALICIOUS": 0,
        "SANE": 0,
        "VALID": 0,
        "total": 100.00395651004162
    }
}