{
    "counter": {
        "ACTIVE": 258,
        "INACTIVE": 3,
        "INVALID": 0,
        "MALICIOUS": 0,
        "SANE": 0,
        "VALID": 0,
        "total": 261
    },
    "percentage": {
        "ACTIVE": 98.85057471264368,
        "INACTIVE": 1.829268292682927,
        "INVALID": 0,
        "MALICIOUS": 0,
        "SANE": 0,
        "VALID": 0,
        "total": 100.6798430053266
    }
}