{
    "counter": {
        "ACTIVE": 505,
        "INACTIVE": 2,
        "INVALID": 0,
        "MALICIOUS": 0,
        "SANE": 0,
        "VALID": 0,
        "total": 507
    },
    "percentage": {
        "ACTIVE": 99.60552268244577,
        "INACTIVE": 0.5154639175257731,
        "INVALID": 0,
        "MALICIOUS": 0,
        "SANE": 0,
        "VALID": 0,
        "total": 100.12098659997154
    }
}