{
    "counter": {
        "ACTIVE": 511,
        "INACTIVE": 1,
        "INVALID": 0,
        "MALICIOUS": 0,
        "SANE": 0,
        "VALID": 0,
        "total": 512
    },
    "percentage": {
        "ACTIVE": 99.8046875,
        "INACTIVE": 0.21141649048625794,
        "INVALID": 0,
        "MALICIOUS": 0,
        "SANE": 0,
        "VALID": 0,
        "total": 100.01610399048626
    }
}